company,company_size,industry,publish_date,recruiter,salary,title,url,work_addr
唯品会,10000人以上,互联网,,韩女士,20-40K,NLP(自然语言处理)算法工程师,/job_detail/6021b20b26da617e03Z62tS5EFI~.html,广州 荔湾区 芳村
网易游戏,10000人以上,游戏,,王女士,20-30K·16薪,图形渲染开发工程师,/job_detail/6cc3fef6e0842b1e03Z539i6EFI~.html,广州 天河区 珠江新城
甲骨文,10000人以上,计算机软件,,莫女士,28-55K,大数据解决方案架构师（售前顾问）,/job_detail/acd91b32c3436dc11HR-3tm_F1c~.html,广州 天河区 珠江新城
分米互联,10000人以上,移动互联网,,黄女士,26-50K·15薪,技术主管,/job_detail/1e3f967c08dda8a11Hxy2tm4EVA~.html,广州 海珠区 南洲
酷狗音乐,1000-9999人,互联网,,张先生,25-45K·16薪,后端架构师（营收）,/job_detail/faed981ebf2f625f03R-09S-FlA~.html,广州 天河区 棠下
小鹏汽车,1000-9999人,汽车生产,,黄先生,20-40K,推荐系统高级开发工程师/资深工程师/专家,/job_detail/c4d0c6fa7c88b5971HF82di7Flo~.html,广州 天河区 岑村
Shopee,1000-9999人,电子商务,,张女士,25-50K·15薪,【深圳】后台开发工程师,/job_detail/19600a9a6a6db8e603d639i1GFA~.html,广州 海珠区 赤岗
虎牙直播,1000-9999人,互联网,,荣女士,25-50K,高级iOS开发工程师,/job_detail/e9b5a820a72ade971HB-39q9GVc~.html,广州  
酷狗音乐,1000-9999人,互联网,,杨女士,20-40K,PTBU-后端开发工程师(个性化推荐),/job_detail/b364293fa15cd08903Z_2tq-FFc~.html,广州 天河区 棠下
酷狗音乐,1000-9999人,互联网,,蒋女士,20-40K·16薪,业务安全工程师,/job_detail/30da8f00477d992303Z53Ni7FVE~.html,广州 天河区 棠下
分米互联,10000人以上,移动互联网,,黄女士,30-60K·13薪,仓储物流 高级产品经理/产品专家,/job_detail/563478cf8ea83a251H1z3di9FlA~.html,广州 海珠区 南洲
数字广东,1000-9999人,计算机软件,,刘先生,20-40K,大数据架构师,/job_detail/bd29172c3006aef41XJ43920GVo~.html,广州 天河区 猎德
阿里巴巴大文娱,1000-9999人,互联网,,陈女士,28-40K,阿里游戏－服务端开发工程专家,/job_detail/98ace248b88e19ca1HVy2dy7GFc~.html,广州 海珠区 琶洲
同盾科技,1000-9999人,互联网,,安女士,25-29K,高级项目经理,/job_detail/ade36f0b3dec26871XJ8396_FlM~.html,广州 天河区 珠江新城
Shopee,1000-9999人,电子商务,,张女士,25-50K·15薪,【深圳】前端开发工程师,/job_detail/43ac47b8306207af03Zz3tq5E1o~.html,广州 海珠区 赤岗
阿里巴巴大文娱,1000-9999人,互联网,,余女士,20-40K,阿里移动 - UC头条Android技术专家,/job_detail/606c5ca3261bb5781n1y0tq6Flo~.html,广州 越秀区 火车站
4399,1000-9999人,游戏,,王女士,20-35K,Erlang服务端开发主程,/job_detail/2f8a2964384fa82a1Xd93tu4EFU~.html,广州 天河区 岗顶
点购集团,1000-9999人,移动互联网,,游女士,20-30K,Mysql DBA,/job_detail/6fd4fbd55db468001H192du7GVo~.html,广州 天河区 天河公园
腾讯,10000人以上,互联网,,李女士,21-22K,售前政务应用架构师,/job_detail/a14b9d7fe0bbdf9703V_096_GFA~.html,广州 海珠区 赤岗
阿里巴巴集团,10000人以上,互联网,,李先生,20-32K,高级java开发工程师,/job_detail/37a446547e4765d21XF83tS0EVo~.html,广州 天河区 员村
中国电信云,1000-9999人,计算机软件,,王女士,25-50K,云桌面协议开发工程师,/job_detail/76b58c191b027b631HJ-3960FVs~.html,广州 天河区 石牌
阿里巴巴大文娱,1000-9999人,互联网,,余女士,20-40K·16薪,UC事业部-高级音频研发工程师,/job_detail/a5b8854cdb214dc903Vy2N64E1M~.html,广州 天河区 员村
小鹏汽车,1000-9999人,汽车生产,,黄先生,20-40K,数据挖掘高级/资深工程师/专家,/job_detail/c44937e3edcc8efa1HF-3t-0F1I~.html,广州 天河区 岑村
多益网络,1000-9999人,互联网,,李先生,25-40K,游戏服务端高级开发工程师,/job_detail/4f3a62645e2426a71nB929i0F1E~.html,广州  
BIGO,1000-9999人,移动互联网,,米女士,60-90K,机器学习平台架构师,/job_detail/4f7edfd765a6f1221HVy29u-Flo~.html,广州 番禺区 市桥
多益网络,1000-9999人,互联网,,李先生,20-30K,手游引擎开发工程师,/job_detail/3944242beb49a7ab1nJ829m8EA~~.html,广州  
阿里巴巴大文娱,1000-9999人,互联网,,陈女士,30-50K,阿里互娱-H5游戏开发专家,/job_detail/bceab6602096487a1HF82t-1FFQ~.html,广州 海珠区 琶洲
BIGO,1000-9999人,移动互联网,,米女士,30-35K,C++高级开发工程师,/job_detail/61121b1acb1c1cc61Xx83dq7FVM~.html,广州 番禺区 市桥
宇信科技,1000-9999人,计算机软件,,陈女士,35-55K,金融行业数据挖掘应用模型专家,/job_detail/9503950951e2fd491HN73dS8FFo~.html,广州 天河区 小新塘
荔枝,500-999人,移动互联网,,韦先生,25-35K,资深Android开发工程师,/job_detail/67b911eb439c51be03Z92t29F1Y~.html,广州 天河区 棠下
company,company_size,industry,publish_date,recruiter,salary,title,url,work_addr
唯品会,10000人以上,互联网,,韩女士,20-40K,NLP(自然语言处理)算法工程师,/job_detail/6021b20b26da617e03Z62tS5EFI~.html,广州 荔湾区 芳村
网易游戏,10000人以上,游戏,,王女士,20-30K·16薪,图形渲染开发工程师,/job_detail/6cc3fef6e0842b1e03Z539i6EFI~.html,广州 天河区 珠江新城
甲骨文,10000人以上,计算机软件,,莫女士,28-55K,大数据解决方案架构师（售前顾问）,/job_detail/acd91b32c3436dc11HR-3tm_F1c~.html,广州 天河区 珠江新城
分米互联,10000人以上,移动互联网,,黄女士,26-50K·15薪,技术主管,/job_detail/1e3f967c08dda8a11Hxy2tm4EVA~.html,广州 海珠区 南洲
酷狗音乐,1000-9999人,互联网,,张先生,25-45K·16薪,后端架构师（营收）,/job_detail/faed981ebf2f625f03R-09S-FlA~.html,广州 天河区 棠下
小鹏汽车,1000-9999人,汽车生产,,黄先生,20-40K,推荐系统高级开发工程师/资深工程师/专家,/job_detail/c4d0c6fa7c88b5971HF82di7Flo~.html,广州 天河区 岑村
Shopee,1000-9999人,电子商务,,张女士,25-50K·15薪,【深圳】后台开发工程师,/job_detail/19600a9a6a6db8e603d639i1GFA~.html,广州 海珠区 赤岗
虎牙直播,1000-9999人,互联网,,荣女士,25-50K,高级iOS开发工程师,/job_detail/e9b5a820a72ade971HB-39q9GVc~.html,广州  
酷狗音乐,1000-9999人,互联网,,杨女士,20-40K,PTBU-后端开发工程师(个性化推荐),/job_detail/b364293fa15cd08903Z_2tq-FFc~.html,广州 天河区 棠下
酷狗音乐,1000-9999人,互联网,,蒋女士,20-40K·16薪,业务安全工程师,/job_detail/30da8f00477d992303Z53Ni7FVE~.html,广州 天河区 棠下
分米互联,10000人以上,移动互联网,,黄女士,30-60K·13薪,仓储物流 高级产品经理/产品专家,/job_detail/563478cf8ea83a251H1z3di9FlA~.html,广州 海珠区 南洲
数字广东,1000-9999人,计算机软件,,刘先生,20-40K,大数据架构师,/job_detail/bd29172c3006aef41XJ43920GVo~.html,广州 天河区 猎德
阿里巴巴大文娱,1000-9999人,互联网,,陈女士,28-40K,阿里游戏－服务端开发工程专家,/job_detail/98ace248b88e19ca1HVy2dy7GFc~.html,广州 海珠区 琶洲
同盾科技,1000-9999人,互联网,,安女士,25-29K,高级项目经理,/job_detail/ade36f0b3dec26871XJ8396_FlM~.html,广州 天河区 珠江新城
Shopee,1000-9999人,电子商务,,张女士,25-50K·15薪,【深圳】前端开发工程师,/job_detail/43ac47b8306207af03Zz3tq5E1o~.html,广州 海珠区 赤岗
阿里巴巴大文娱,1000-9999人,互联网,,余女士,20-40K,阿里移动 - UC头条Android技术专家,/job_detail/606c5ca3261bb5781n1y0tq6Flo~.html,广州 越秀区 火车站
4399,1000-9999人,游戏,,王女士,20-35K,Erlang服务端开发主程,/job_detail/2f8a2964384fa82a1Xd93tu4EFU~.html,广州 天河区 岗顶
点购集团,1000-9999人,移动互联网,,游女士,20-30K,Mysql DBA,/job_detail/6fd4fbd55db468001H192du7GVo~.html,广州 天河区 天河公园
腾讯,10000人以上,互联网,,李女士,21-22K,售前政务应用架构师,/job_detail/a14b9d7fe0bbdf9703V_096_GFA~.html,广州 海珠区 赤岗
阿里巴巴集团,10000人以上,互联网,,李先生,20-32K,高级java开发工程师,/job_detail/37a446547e4765d21XF83tS0EVo~.html,广州 天河区 员村
中国电信云,1000-9999人,计算机软件,,王女士,25-50K,云桌面协议开发工程师,/job_detail/76b58c191b027b631HJ-3960FVs~.html,广州 天河区 石牌
阿里巴巴大文娱,1000-9999人,互联网,,余女士,20-40K·16薪,UC事业部-高级音频研发工程师,/job_detail/a5b8854cdb214dc903Vy2N64E1M~.html,广州 天河区 员村
小鹏汽车,1000-9999人,汽车生产,,黄先生,20-40K,数据挖掘高级/资深工程师/专家,/job_detail/c44937e3edcc8efa1HF-3t-0F1I~.html,广州 天河区 岑村
多益网络,1000-9999人,互联网,,李先生,25-40K,游戏服务端高级开发工程师,/job_detail/4f3a62645e2426a71nB929i0F1E~.html,广州  
BIGO,1000-9999人,移动互联网,,米女士,60-90K,机器学习平台架构师,/job_detail/4f7edfd765a6f1221HVy29u-Flo~.html,广州 番禺区 市桥
多益网络,1000-9999人,互联网,,李先生,20-30K,手游引擎开发工程师,/job_detail/3944242beb49a7ab1nJ829m8EA~~.html,广州  
阿里巴巴大文娱,1000-9999人,互联网,,陈女士,30-50K,阿里互娱-H5游戏开发专家,/job_detail/bceab6602096487a1HF82t-1FFQ~.html,广州 海珠区 琶洲
BIGO,1000-9999人,移动互联网,,米女士,30-35K,C++高级开发工程师,/job_detail/61121b1acb1c1cc61Xx83dq7FVM~.html,广州 番禺区 市桥
宇信科技,1000-9999人,计算机软件,,陈女士,35-55K,金融行业数据挖掘应用模型专家,/job_detail/9503950951e2fd491HN73dS8FFo~.html,广州 天河区 小新塘
荔枝,500-999人,移动互联网,,韦先生,25-35K,资深Android开发工程师,/job_detail/67b911eb439c51be03Z92t29F1Y~.html,广州 天河区 棠下
小鹏汽车,1000-9999人,汽车生产,,吴先生,20-35K,iOS应用开发工程师,/job_detail/b4f68197fbd97d891HN_39u_GFE~.html,广州 天河区 岑村
传智播客,1000-9999人,在线教育,,王女士,25-45K,Java研究员,/job_detail/7b20cda1f21bcc201H153dS8FlI~.html,广州 天河区 东圃
南瑞信通,500-999人,计算机软件,,胡先生,20-40K,技术经理,/job_detail/ba4ee5509328b4f303Z53920EVE~.html,广州 天河区 珠江新城
云徙科技公司,500-999人,互联网,,布女士,30-50K,大数据平台架构师,/job_detail/3d2c224748724bae1XV93dy1GVo~.html,广州 黄埔区 鱼珠
阿里巴巴大文娱,1000-9999人,互联网,,余女士,20-40K,基础研发部-高级多媒体互动专家,/job_detail/e9265f3162359f851nJ709S5EFs~.html,广州 天河区 员村
绛门科技,500-999人,计算机软件,,史女士,23-40K,项目经理,/job_detail/fd7b2624353be8ed1HB52tS9EFc~.html,广州 黄埔区 科学城
胡莱游戏,1000-9999人,游戏,,李女士,20-30K,H5主程,/job_detail/477f607b7c0e668f1HF60ti4F1Q~.html,广州  
ppmoney,1000-9999人,移动互联网,,招聘主管,25-40K,Java架构师 (MJ001303),/job_detail/cb64fc5973d0233203V-29S9EVY~.html,广州 天河区 冼村
金科文化,1000-9999人,互联网,,苏先生,20-30K,U3D客户端开发主程,/job_detail/6fa1a1fa887b2dfe1Xx82NS1F1Q~.html,广州 天河区 棠下
亚美科技,500-999人,计算机软件,,任女士,20-28K,解决方案架构师,/job_detail/59a8b5ac7920205b1H153921FVc~.html,广州 天河区 岑村
小鹏汽车,1000-9999人,汽车生产,,陈女士,20-40K,推荐算法高级/资深工程师/专家,/job_detail/381b5446f597733a1HF82d67FFM~.html,广州 天河区 岑村
小鹏汽车,1000-9999人,汽车生产,,黄先生,20-40K,车载安全高级/资深工程师/专家,/job_detail/5707c36b6fd837981HJy39i4FVc~.html,广州 天河区 岑村
多益网络,1000-9999人,互联网,,李先生,25-40K,U3D开发工程师,/job_detail/02d1ea764009db2e1n1y29i6EFE~.html,广州  
腾讯,10000人以上,互联网,,coe集团招聘部,23-45K·16薪,28600-113 微信支付后台开发工程师（广州）,/job_detail/11794e30519e22ab1H173dq5EVA~.html,广州 海珠区 赤岗
荔枝,500-999人,移动互联网,,何女士,20-35K,高级Java开发工程师,/job_detail/d8d19a4e9092ef531nJ639W_FVI~.html,广州 天河区 棠下
小鹏汽车,1000-9999人,汽车生产,,吴先生,20-35K,后台测试高级工程师/专家,/job_detail/f88020189d45c53b1HF-3Ni9ElI~.html,广州 天河区 岑村
晓教育集团,10000人以上,在线教育,,易女士,20-40K,高级Java工程师（教学产品）,/job_detail/7acaa30b545158aa03R729-0FVM~.html,广州 天河区 体育中心
网易游戏,10000人以上,游戏,,招聘HR,25-50K,主程序（U3D UNREAL引擎）,/job_detail/5ec2891096156b271HR70tW9EFE~.html,广州 天河区 冼村
欢聚时代,1000-9999人,移动互联网,,姚女士,25-50K,语音算法（深度学习）,/job_detail/333012c8cb258f221XR809i9Flc~.html,广州  
阿里巴巴集团,10000人以上,互联网,,羽先生,20-40K·16薪,JAVA 高级工程师/技术专家,/job_detail/06b064975fca1a4903R70tW1EFU~.html,广州 天河区 员村
小鹏汽车,1000-9999人,汽车生产,,吴先生,30-50K,信息发布系统与客服支撑系统专家/架构师,/job_detail/cf9ad523f5aaeab21HF83dy5Els~.html,广州 天河区 岑村
阿里巴巴集团,10000人以上,互联网,,王先生,25-50K,Java高级工程师/技术专家,/job_detail/42dfb7eaa056de7b1XB80ty6F1o~.html,广州 天河区 珠江新城
中国电信云,1000-9999人,计算机软件,,罗先生,20-40K,高级后端开发工程师（C++）,/job_detail/75479f75fe2650a31HJ-39m7F1U~.html,广州  
腾讯,10000人以上,互联网,,叶女士,25-50K,数据挖掘工程师(广州)(腾讯WiFi管家),/job_detail/199dbe8d8c2e7fe21n1_29u9FFQ~.html,广州 天河区 华景新城
虎牙直播,1000-9999人,互联网,,荣女士,25-50K,Windows客户端开发工程师,/job_detail/2c10b76e39acb72d1Hxy29-5GVA~.html,广州  
金山办公软件,1000-9999人,移动互联网,,程女士,20-40K,安全开发工程师（base珠海总部）,/job_detail/2c0541d878a4821f03Ry2ty0EVI~.html,广州 天河区 天河公园
荔枝,500-999人,移动互联网,,熊女士,25-50K,架构师（实时通信）,/job_detail/1e7e6df41ec7eeeb03Vy29m0EFI~.html,广州 天河区 棠下
小鹏汽车,1000-9999人,汽车生产,,黄先生,20-40K,创新业务Android应用高级/资深工程师/专家,/job_detail/954666b77b02c5191Hxy2dS7FFQ~.html,广州 天河区 岑村
中国电信,10000人以上,运营商/增值服务,,刘先生,20-40K,Kubernetes研发工程师,/job_detail/026e10f219acdbb91Hd409m-F1U~.html,广州 天河区 石牌
租租车,1000-9999人,互联网,,郑先生,25-50K·13薪,架构师,/job_detail/bbfe9ed81f0b31fc03Z52ty0EFo~.html,广州 天河区 林和
酷狗音乐,1000-9999人,互联网,,梁女士,40-55K,后端架构师（账号）,/job_detail/4fc10008ed736ff61HF_29m8FlI~.html,广州 天河区 棠下
小鹏汽车,1000-9999人,汽车生产,,陈女士,20-40K,数据仓库资深工程师/专家,/job_detail/6c8140930163c1421HF82d--E1I~.html,广州 天河区 岑村
腾讯,10000人以上,互联网,,coe集团招聘部,29-55K·16薪,微信小程序&公众号计算机视觉高级研究员,/job_detail/d69aa81c288aa8e61Hx-3d27GVA~.html,广州 海珠区 赤岗
阿里巴巴大文娱,1000-9999人,互联网,,余女士,20-40K,UC事业部-高级数据分析师,/job_detail/f5bbb8a6e7966c8a1XJ92t60FlI~.html,广州 越秀区 火车站
小鹏汽车,1000-9999人,汽车生产,,陈女士,20-40K,智能应用服务后台高级工程师,/job_detail/d743ace62d7fa44f1HF82dS-F1Q~.html,广州 天河区 岑村
博智林机器人,1000-9999人,计算机软件,,楚先生,26-50K,SLAM算法工程师,/job_detail/b854883acd03b9df1H143t-1F1I~.html,广州 海珠区 南洲
数字广东,1000-9999人,计算机软件,,刘先生,20-40K,大数据项目经理,/job_detail/89707ab692125bf11XJ52tS9GFA~.html,广州 天河区 猎德
欢聚时代,1000-9999人,移动互联网,,姚女士,20-30K,大数据平台开发工程师,/job_detail/2b79e244eada75211HZz3N-_F1M~.html,广州 番禺区 南村
数字广东,1000-9999人,计算机软件,,李先生,20-35K,后端开发工程师,/job_detail/733634e971db50e003Ry2NW0FlM~.html,广州 海珠区 赤岗
欢聚时代,1000-9999人,移动互联网,,周先生,25-35K,C++后台开发工程师,/job_detail/c1650ece2200892c03Vz09u-FFI~.html,广州  
视源股份(CVTE),1000-9999人,其他行业,,许先生,20-30K,Java中高级开发工程师,/job_detail/bfe91c756c64f4c503R909y_Fls~.html,广州  
金科文化,1000-9999人,互联网,,苏先生,20-35K,C++服务器主程,/job_detail/c0876da63d69a0351XF509y1FFo~.html,广州 天河区 棠下
数字广东,1000-9999人,计算机软件,,管先生,20-40K·14薪,大数据应用项目经理,/job_detail/4e7e2dfca07bace103Z53Nm8GFI~.html,广州 天河区 猎德
SHEIN（南京）,1000-9999人,互联网,,江女士,35-50K,TMS产品专家 (MJ000632),/job_detail/d4eb90bb322ca6361HF509S6GFA~.html,广州 番禺区 南村
绿瘦集团,1000-9999人,医疗健康,,贾先生,20-30K,数据挖掘,/job_detail/50cc2353836a386b1XB83t-4Els~.html,广州 越秀区 东风东
深圳市海云天,500-999人,计算机软件,,王女士,25-35K,高级PHP工程师,/job_detail/3354c7aa5787dd2d1HF539u9FVU~.html,广州 海珠区 客村
博智林机器人,1000-9999人,计算机软件,,全先生,25-50K,高级机器视觉光学工程师,/job_detail/9bce99b30ae29a801Hd80tu7FFM~.html,广州 番禺区 南浦
分米互联,10000人以上,移动互联网,,黄女士,50-80K·13薪,TMS高级产品经理,/job_detail/7fc6e531d65172bd03V-2NS6Elo~.html,广州 海珠区 南洲
阿里巴巴集团,10000人以上,互联网,,谢先生,20-36K,高级前端工程师（杭州）,/job_detail/ede0e59ad411eb6d1nNy2Ny5ElM~.html,广州 越秀区 大东
小鹏汽车,1000-9999人,汽车生产,,何先生,22-28K,Java后台高级工程师（车联平台应用方向）,/job_detail/cc2364a27f8fbc1e1HV92N61E1M~.html,广州 天河区 岑村
壹健康科技,1000-9999人,医疗健康,,梁先生,25-35K,运维副总监,/job_detail/87a33576409b148303R92N68GVo~.html,广州 天河区 东圃
小鹏汽车,1000-9999人,汽车生产,,黄先生,20-40K,后台测试高级工程师/专家,/job_detail/b6add591de299b7b1Xdz39S7Elc~.html,广州 天河区 岑村
中国电信云,1000-9999人,计算机软件,,罗先生,20-40K,高级后端开发工程师（Java）,/job_detail/cf81b8aa4a1a7f131HJ-39m7F1c~.html,广州  
创美药业,500-999人,医疗健康,,王女士,20-40K,运维支持中心总监,/job_detail/c8994d000a2bec141H172di_EVs~.html,广州 南沙区 黄阁
阿里巴巴大文娱,1000-9999人,互联网,,余女士,20-35K,阿里移动 - UC头条前端技术专家,/job_detail/844f5a32897380061n1y0tq7E1o~.html,广州 越秀区 火车站
唯品会,10000人以上,互联网,,林先生,20-40K,搜索个性化算法工程师,/job_detail/01ec2ca9463fd1b103V529u-Fls~.html,广州 荔湾区 芳村
多益网络,1000-9999人,互联网,,王女士,20-40K·14薪,资深游戏原画设计师,/job_detail/f7ce7403a23cece51Hx70tW_GVA~.html,广州  
美的it,10000人以上,计算机软件,,丘女士,20-32K,APS应用主任工程师,/job_detail/114234bef0b6fe571n1z2d6-ElM~.html,广州  
荔枝,500-999人,移动互联网,,何女士,25-45K,技术专家（实时语音通信）,/job_detail/f1e2f6ce857464dc1HB539u0FVo~.html,广州 天河区 棠下
广州明动软件,500-999人,计算机软件,,陈女士,25-50K,系统架构师,/job_detail/7a54e1d7b55c80f71XZ42di5EFs~.html,广州 天河区 长兴
广州虎牙信息,1000-9999人,互联网,,刘先生,25-30K,IDC资源规划专家,/job_detail/231892f7a68de99b1X1y09u-FlY~.html,广州  
BIGO,1000-9999人,移动互联网,,陈女士,25-50K,移动端C++开发工程师,/job_detail/0ef1f5d5228f7d001HN70tq9GVs~.html,广州 番禺区 市桥
网易游戏,10000人以上,游戏,,王女士,25-35K,资深引擎开发工程师,/job_detail/bab10da96b2a23881Xx42Ny-GVA~.html,广州 天河区 珠江新城
甲骨文,10000人以上,计算机软件,,张女士,20-40K,ERP项目经理（实施服务部）,/job_detail/8cd8558e3d366bed03Zy3N66F1I~.html,广州 天河区 珠江新城
荔枝,500-999人,移动互联网,,韦先生,20-30K,高级iOS开发工程师,/job_detail/4a6174b09cbc776303Z809u8FlE~.html,广州 天河区 棠下
4399,1000-9999人,游戏,,王女士,20-30K,U3D主程,/job_detail/62381735047ad7371HV-3dy1EVU~.html,广州 天河区 岗顶
酷狗音乐,1000-9999人,互联网,,梁女士,23-45K,后端开发工程师（个性推荐）,/job_detail/2420440079a8080f1Hx42dW_FVo~.html,广州 天河区 棠下
小鹏汽车,1000-9999人,汽车生产,,陈女士,25-50K,信息发布系统与客服支撑系统研发专家,/job_detail/6c5eee05e50e54b31HF52Nq8ElQ~.html,广州 天河区 岑村
云徙科技公司,500-999人,互联网,,布女士,25-35K,技术经理,/job_detail/5be313fafcb24b1a1HN_2Nu1FFU~.html,广州 黄埔区 鱼珠
虎牙直播,1000-9999人,互联网,,荣女士,25-50K,Android开发工程师,/job_detail/0b85730e3c941bbd1HB-39u6F1E~.html,广州  
小鹏汽车,1000-9999人,汽车生产,,陈女士,20-40K,云平台(Kubernetes)资深工程师/专家,/job_detail/7a9ff013749294d203V60tW-Elo~.html,广州 天河区 岑村
触宝科技,500-999人,互联网,,马女士,25-35K·14薪,资深后端工程师（python）,/job_detail/3d7b712f2d2c7d2e1Hx43t27GVs~.html,广州  
美的it,10000人以上,计算机软件,,郑女士,20-30K,高级交互设计师,/job_detail/b52005ea80beaf571XV40tm6GFM~.html,广州  
网易游戏,10000人以上,游戏,,招聘HR,20-40K,手游开发工程师（服务端，广州，奇点事业部）,/job_detail/cadfaa3c178cf2581Hdz3N-_GVs~.html,广州 天河区 珠江新城
网易游戏,10000人以上,游戏,,招聘HR,20-40K,客户端开发工程师（广州，梦幻事业部）,/job_detail/16851cace46834091Hdz3N-9FVs~.html,广州 天河区 珠江新城
联通(广东)产业互联网,500-999人,移动互联网,,吕先生,20-40K,通信开放事业部大数据工程师,/job_detail/770343cca2ab71ce1H1829y4EFo~.html,广州 天河区 石牌
网易,10000人以上,移动互联网,,杨女士,20-40K,3D场景设计师,/job_detail/19959866d7439c9a1HN83Ny5EVc~.html,广州  
今日头条,10000人以上,移动互联网,,朱先生,20-40K,后台开发工程师Golang(广州),/job_detail/f2130f61746f10291HZ82dy8GVM~.html,广州 天河区 猎德
BIGO,1000-9999人,移动互联网,,米女士,31-40K,CDN开发工程师,/job_detail/b22b3eb6450b73fc1Xx83dW1EFA~.html,广州  
三七互娱,1000-9999人,移动互联网,,廖女士,25-50K,算法工程师,/job_detail/95cf130a5204062c1HZ9096-EVE~.html,广州 天河区 员村
三七互娱,1000-9999人,移动互联网,,郭女士,20-35K,u3d主程,/job_detail/72d3baf3cf77569f1XZ829i0FlY~.html,广州 天河区 员村
美的it,10000人以上,计算机软件,,郑女士,30-40K,工业大数据分析专家,/job_detail/bb257fc1e583fe7703Vz3N-1E1s~.html,广州  
酷狗音乐,1000-9999人,互联网,,张先生,20-30K·16薪,高级数据分析师,/job_detail/6cd1e56659e19e3803R63924FFU~.html,广州 天河区 棠下
国地科技,500-999人,政府/公共事业,,谭女士,20-30K,研发总监,/job_detail/8df9b02e4419dcc21HZ70tu_Elo~.html,广州 天河区 五山
酷狗音乐,1000-9999人,互联网,,梁女士,25-40K,产品经理,/job_detail/01fb0956e202b0db1HN43t-5F1c~.html,广州 天河区 棠下
博智林机器人,1000-9999人,计算机软件,,全先生,22-40K,算法优化工程师,/job_detail/fd91e17bd6fffc0f1HVy396-EVc~.html,广州 番禺区 南浦
数字广东,1000-9999人,计算机软件,,刘先生,20-30K,软件架构师,/job_detail/1031d477bc7acf441HZ62t67FFc~.html,广州 天河区 猎德
阿里巴巴大文娱,1000-9999人,互联网,,余女士,20-35K,UC事业群-前端技术专家-UC头条,/job_detail/ca1b01e62dfa419a1XR60tq0GFM~.html,广州 越秀区 火车站
BIGO,1000-9999人,移动互联网,,米女士,70-90K,流媒体架构师 CDN架构,/job_detail/7b47c6b87b4bb6261Xx83dW4FlE~.html,广州  
腾讯,10000人以上,互联网,,陈先生,26-43K,小程序算法工程师,/job_detail/dcef37d2d02727751Xx40ty8E1Y~.html,广州 海珠区 赤岗
卜蜂莲花超市,1000-9999人,其他服务业,,毛先生,20-25K·13薪,AI工程师,/job_detail/afd7f7493426247103Vz3Nm8FVU~.html,广州 白云区 三元里
传智播客,1000-9999人,在线教育,,王女士,20-40K,UI设计培训讲师,/job_detail/1a9744ee14c4a4311H1829u_EVY~.html,广州 天河区 东圃
谷得游戏,100-499人,游戏,,詹女士,20-30K,Java,/job_detail/75ce7687e2637f291nd-29m_E1c~.html,广州 天河区 天河公园
美的it,10000人以上,计算机软件,,马先生,20-40K,数据挖掘,/job_detail/0780b2b4c3dff7981Xdy2t29FlI~.html,广州 番禺区 
亚美科技,500-999人,计算机软件,,任女士,20-30K,JAVA架构师,/job_detail/bd948cb14bd0a3f61nJz39i5F1I~.html,广州 天河区 岑村
酷狗音乐,1000-9999人,互联网,,梁女士,20-40K,产品经理（铃声）,/job_detail/ac9bd93a5a35d25f1H192dS6F1M~.html,广州 天河区 棠下
小鹏汽车,1000-9999人,汽车生产,,吴先生,20-40K,移动端测试,/job_detail/58fb01cda6cabfe81XB709S5E1A~.html,广州 天河区 岑村
文远知行,100-499人,移动互联网,,刘女士,20-40K,weride-机器学习/深度学习工程师,/job_detail/45f9fdcaffc77b2e03R62Nm1E1E~.html,广州 番禺区 大学城
分米互联,10000人以上,移动互联网,,黄女士,50-80K·13薪,WMS产品专家,/job_detail/546ac95b3b0fcd7003V-3929FFs~.html,广州 海珠区 南洲
网易游戏,10000人以上,游戏,,王女士,20-40K,C++服务端高级开发工程师,/job_detail/f26514e035e930991HJ42tq9GFM~.html,广州 天河区 珠江新城
浩云科技股份有限公司,1000-9999人,互联网,,田先生,25-35K·14薪,前端架构师,/job_detail/0692f4d9684991d41H1-2t-5ElE~.html,广州 番禺区 南村
游民网络科技,100-499人,游戏,,吴先生,20-40K·15薪,高级运维开发工程师（python开发方向）,/job_detail/4176c98c049f7d041H1-09y8Flo~.html,广州  
欢聚时代,1000-9999人,移动互联网,,周先生,25-40K·15薪,C++音视频传输工程师,/job_detail/a446bfa8738cfd5803Z62t25EFQ~.html,广州  
wlaike,100-499人,互联网,,方先生,35-60K·16薪,C++服务器开发专家/资深开发,/job_detail/4a0addebb15ac3b103R_0964FFI~.html,广州 天河区 员村
酷狗音乐,1000-9999人,互联网,,王先生,20-40K·16薪,渲染引擎开发工程师,/job_detail/1e973dec4a17b41b1H192Nm1EVU~.html,广州  
美的it,10000人以上,计算机软件,,钟先生,20-25K,数据架构师,/job_detail/8ea33acfa280a9d61Hx70ti-GFU~.html,广州  
SHEIN（广州）,1000-9999人,电子商务,,刘女士,35-50K·13薪,PLM产品专家 (MJ000934),/job_detail/26049d2ec518c0cb03R-09-4FlI~.html,广州 番禺区 南村
中大凯旋,100-499人,计算机软件,,巫先生,20-28K,系统架构师,/job_detail/a713cc620747fd691Hd83Nm_GFI~.html,广州 番禺区 大学城
睿联网络,,游戏,,黄先生,50-80K·14薪,游戏服务器开发专家（阿里P7）,/job_detail/ce97ab44f8aa00a403Rz09m7EFU~.html,广州 海珠区 琶洲
君思网络,100-499人,计算机软件,,张女士,20-25K,项目总监,/job_detail/2255fd02818ec6f603Z93929GVE~.html,广州 花都区 新华
阿里巴巴集团,10000人以上,互联网,,高级招聘专家,25-50K,资深java开发工程师-GZ,/job_detail/6e83899d60bf893d1nB939m9E1c~.html,广州 天河区 员村
酷狗音乐,1000-9999人,互联网,,梁女士,20-30K,PHP,/job_detail/5cf64e53ff5fe4071Hd62Ny9EVo~.html,广州 天河区 棠下
多益网络,1000-9999人,互联网,,王女士,20-40K·14薪,高级中国风Q版原画设计师,/job_detail/a729a2387b0976981Xx_3tu4EVI~.html,广州  
唯品会,10000人以上,互联网,,林先生,20-40K,机器学习算法工程师,/job_detail/382c5ef48402b3ac03V529W9GVA~.html,广州 荔湾区 芳村
酷狗音乐,1000-9999人,互联网,,蒋女士,20-40K·16薪,个性化推荐产品经理,/job_detail/78d88853abfeec5c03R629q4F1Y~.html,广州  
腾讯,10000人以上,互联网,,叶女士,25-40K·16薪,政务应用交付架构师,/job_detail/6ba16c1483e62c8a1H192dm-Flc~.html,广州 海珠区 赤岗
健客网,1000-9999人,电子商务,,郝先生,20-30K,BI数据分析总监/高级分析师,/job_detail/538a6ac5321817be1XN52dW7GFo~.html,广州 黄埔区 科学城
美的it,10000人以上,计算机软件,,郑女士,30-40K,互联网架构师,/job_detail/88cfd3e3c9af3ae203Vz39u9E1M~.html,广州  
多益网络,1000-9999人,互联网,,李先生,30-50K,Unity3D高级工程师（项目主程序）,/job_detail/72d8a58157d09fcd1XJ_29y5Elo~.html,广州  
方欣科技,1000-9999人,互联网,,陈女士,20-30K,高级java架构工程师,/job_detail/573843f9fe3d7b021Hx92tm9Flc~.html,广州 黄埔区 科学城
舜飞科技,100-499人,互联网,,HR,30-40K,高级算法/数据挖掘工程师,/job_detail/0eae3cbb7f37b6271XZ40tS0FFI~.html,广州 天河区 棠下
梦映动漫,100-499人,互联网,,张女士,22-35K·13薪,架构师,/job_detail/45e1fd17f60e6be403Zz3Nq0F1E~.html,广州 海珠区 琶洲
绛门科技,500-999人,计算机软件,,沈女士,20-40K,研发总监,/job_detail/bc0a6574e42f10ba1HB52tS4EVc~.html,广州 黄埔区 科学城
SHEIN,1000-9999人,电子商务,,陆女士,20-30K·13薪,高级产品经理 (MJ001029),/job_detail/70ee994ed8fc7a7403Zy2d24Flc~.html,广州 番禺区 南村
数字广东,1000-9999人,计算机软件,,张女士,20-40K,高级应用安全专家,/job_detail/a882d43221feac8f03Zz2du-GVs~.html,广州 越秀区 东风
中大凯旋,100-499人,计算机软件,,杨女士,20-30K,架构师,/job_detail/a6ec215bf89c928d1HZ53Nq4GFM~.html,广州 番禺区 大学城
BIGO,1000-9999人,移动互联网,,米女士,25-40K,计算机视觉算法工程师,/job_detail/5dd0b42c870e57e71HZ92NW8FFA~.html,广州 番禺区 市桥
欢聚时代,1000-9999人,移动互联网,,姚女士,20-40K,语音合成（TTS）前端算法工程师,/job_detail/ee56b50c9eff68821nF539W_EVY~.html,广州  
数字广东,1000-9999人,计算机软件,,张女士,20-40K,安全风险挖掘专家,/job_detail/f0c46ebb82bebd7903Zz2du0E1Q~.html,广州 越秀区 东风
欢聚时代,1000-9999人,移动互联网,,江先生,20-40K,产品经理（平台化）,/job_detail/df34be2ec518de661HZ72967EVU~.html,广州  
深圳美云智数,1000-9999人,互联网,,刘女士,20-30K,电商-产品经理,/job_detail/17b92d9215174fca1XNz2ty-F1E~.html,广州  
恒企教育,1000-9999人,在线教育,,谭先生,20-30K·13薪,系统架构师（Java）,/job_detail/32abb45c742634801XV42dS0GVA~.html,广州 白云区 永平
wlaike,100-499人,互联网,,方先生,25-50K,高级android开发工程师,/job_detail/c12e8b8c04584b9b1Hd52ti6EVY~.html,广州 天河区 员村
酷狗音乐,1000-9999人,互联网,,蒋女士,50-80K·16薪,技术总监,/job_detail/12ef1876280947d803R-2tS8E1Q~.html,广州  
中国电信云,1000-9999人,计算机软件,,王女士,25-50K,云存储架构师,/job_detail/d5d5a8325f5717421HF42925FVc~.html,广州  
欢聚时代,1000-9999人,移动互联网,,姚女士,20-35K·13薪,产品经理,/job_detail/77aa870d45c133981H1_2d28GFQ~.html,广州 番禺区 南村
分米互联,10000人以上,移动互联网,,黄女士,25-50K·15薪,产品经理,/job_detail/5263f17c67fc4a311Hxy2ti9E1s~.html,广州 海珠区 南洲
小鹏汽车,1000-9999人,汽车生产,,陈女士,20-40K,车联网后台开发高级/资深工程师,/job_detail/d389cb75e4d0990703V60tW9FVo~.html,广州 天河区 岑村
小鹏汽车,1000-9999人,汽车生产,,吴先生,20-35K,Java后端开发工程师,/job_detail/b34591f1e2e2a5b71HF-3Ni5EFY~.html,广州 天河区 岑村
BIGO,1000-9999人,移动互联网,,陈女士,25-50K,高级后台开发工程师/架构师,/job_detail/bfba6ab4427a8c051HN72dS1EVY~.html,广州 番禺区 市桥
广州要玩娱乐,100-499人,游戏,,陈女士,20-35K,Java开发主程,/job_detail/4f1ccbae0d748e4603V709i7EVE~.html,广州 海珠区 南洲
深圳美云智数,1000-9999人,互联网,,刘女士,20-30K,高级产品/项目经理-新零售中台方向,/job_detail/7c24d7535571da671XN72dW_EFM~.html,广州  
BIGO,1000-9999人,移动互联网,,米女士,35-50K,iOS高级开发工程师,/job_detail/33a1635a54c2a5191HZ92N-7E1c~.html,广州 番禺区 市桥
云徙科技公司,500-999人,互联网,,布女士,25-45K,数据产品经理,/job_detail/51ecd57b31441cff1HV82NW_FVc~.html,广州 黄埔区 鱼珠
美人信息,100-499人,移动互联网,,人力资源经理,20-40K,高级图形工程师,/job_detail/d4bc2095733b90501n162tu6ElY~.html,广州 越秀区 五羊新城
小鹏汽车,1000-9999人,汽车生产,,吴先生,20-35K,Android应用高级/资深工程师/专家,/job_detail/3b6adcfa43d3a91a1HF-3Ni7FVc~.html,广州 天河区 岑村
阿里巴巴集团,10000人以上,互联网,,宝先生,20-40K,Android,/job_detail/5ef82fed17e50d811nN60tW-E1c~.html,广州 海珠区 琶洲
荔枝,500-999人,移动互联网,,何女士,20-35K,C/C++开发工程师,/job_detail/5a6cf58362ec95da1X140tu5FVM~.html,广州 天河区 棠下
wlaike,100-499人,互联网,,方先生,25-50K,高级C++开发工程师,/job_detail/444f83debdcdbc021HZ_3t-4EFM~.html,广州 天河区 员村
中国电信云,1000-9999人,计算机软件,,王女士,20-40K,测试主管,/job_detail/fe86bda1dfe54c7303Ry0t-_GFE~.html,广州 天河区 石牌
wlaike,100-499人,互联网,,方先生,25-50K,资深iOS开发工程师,/job_detail/aa48bc755acb074e1HB92dy0ElU~.html,广州 天河区 员村
SHEIN,1000-9999人,电子商务,,吕先生,20-40K·13薪,产品专家（采购/商家）,/job_detail/238f3b4fc2c1fb4703Z739u0E1Y~.html,广州 番禺区 南村
网易游戏,10000人以上,游戏,,招聘HR,20-40K,资深UE4开发工程师（广州，在线游戏事业部）,/job_detail/199dba1b37af35771Hdz3Ny0EVM~.html,广州 天河区 珠江新城
BIGO,1000-9999人,移动互联网,,陈女士,20-40K·15薪,WEB后端开发工程师-PHP -后台组,/job_detail/0b8a0225635ef05f03R62Ny4EVc~.html,广州 番禺区 市桥
SHEIN,1000-9999人,电子商务,,贺女士,25-35K,高级产品经理 (MJ000781),/job_detail/dc120c5aebd7cadb1Hx63tq8GVY~.html,广州 番禺区 南村
博世猫,100-499人,社交网络,,戈女士,25-50K·16薪,高级软件工程师C++,/job_detail/78df54475be3e0a11H1639W6F1M~.html,广州 南沙区 金洲
BIGO,1000-9999人,移动互联网,,陈女士,25-50K,高级Android开发工程师,/job_detail/c783caa8da15d9301HN72dq8F1Q~.html,广州 番禺区 市桥
星辉游戏,1000-9999人,游戏,,蔡先生,20-30K,引擎开发工程师,/job_detail/aa7930f710cc543e1HZ-2du7GVc~.html,广州 天河区 猎德
高奈特,100-499人,互联网,,林女士,25-30K,大数据架构师,/job_detail/4385654bd9ee85081Xdz09i_GFI~.html,广州 荔湾区 芳村
朗国科技,100-499人,计算机软件,,董先生,20-26K,安卓系统开发工程师,/job_detail/b4abe4f85aa280411Hx73tq5GFY~.html,广州 天河区 小新塘
小鹏汽车,1000-9999人,汽车生产,,黄先生,20-40K,Java后台开发高级/资深工程师/专家,/job_detail/f91dcad6877925dd1HR42Ny9F1s~.html,广州 天河区 岑村
酷狗音乐,1000-9999人,互联网,,蒋女士,20-40K·16薪,用户增长产品经理,/job_detail/40de0a348a947f5a03R62dy_ElM~.html,广州 天河区 棠下
ppmoney,1000-9999人,移动互联网,,招聘主管,25-40K,数据架构师 (MJ000480),/job_detail/aff0191f76b5da2c1XZ73N-8EFE~.html,广州 天河区 珠江新城
要出发周边游,500-999人,互联网,,蒋女士,20-30K,高级产品经理,/job_detail/c68204e660b6e3a41HZ53ty4GVI~.html,广州 天河区 天河公园
高新兴科技集团,1000-9999人,计算机软件,,钟女士,20-35K·13薪,算法研究员（博士）,/job_detail/6c4d9956d06196381HB53du-ElM~.html,广州 黄埔区 科学城
招商华软,100-499人,计算机软件,,张女士,30-40K,架构师,/job_detail/7c5ee475b61130231H1709m_ElA~.html,广州 天河区 元岗
BIGO,1000-9999人,移动互联网,,米女士,50-80K,传输算法架构师,/job_detail/47a3f8f33146a77b1HVy29u-EVE~.html,广州 番禺区 市桥
网易,10000人以上,移动互联网,,张先生,20-40K,iOS开发工程师,/job_detail/43ccd447cad778fa1HJ_39i-Elc~.html,广州 天河区 天河公园
米娅游戏,100-499人,游戏,,赖女士,25-35K,技术美术,/job_detail/f2b72e85b1c3c95d1HR-3Ni5FVY~.html,广州 天河区 石牌
虎牙直播,1000-9999人,互联网,,张先生,30-60K,高级语音识别算法工程师,/job_detail/34d700a21381770f1HZ-3NW-GVc~.html,广州  
阿里巴巴大文娱,1000-9999人,互联网,,余女士,20-40K,UC事业部-高级测试开发工程师-运营研发组,/job_detail/d94f34657e9cc3051Xd82924GFM~.html,广州 越秀区 火车站
虎牙直播,1000-9999人,互联网,,张女士,20-40K,图形算法工程师/视觉处理工程师,/job_detail/1db3b28f19f516a91HJy39q4GVI~.html,广州  
wlaike,100-499人,互联网,,方先生,30-45K,高级音频编解码算法工程师,/job_detail/36ef11f4947948561HZ_2dW5GVs~.html,广州 天河区 员村
虎牙直播,1000-9999人,互联网,,陀先生,30-50K·13薪,ai视频编解码算法工程师,/job_detail/45f2f4a60c39aa5903Zy2t--GVI~.html,广州  
友邦资讯,1000-9999人,计算机软件,,谭女士,20-40K,00086-Application Security Manager,/job_detail/fb6a1c8aad1369fe1HFy2ty-Els~.html,广州 越秀区 东风东
益心,100-499人,游戏,,朱先生,25-30K·13薪,主策划,/job_detail/6de2ccc69d2437741n1y29y1E1E~.html,广州 天河区 棠下
欢聚时代,1000-9999人,移动互联网,,姚女士,20-40K,推荐系统开发工程师,/job_detail/b92c4a6a73f4e2e41HB-3Nm0FlU~.html,广州  
酷狗音乐,1000-9999人,互联网,,蒋女士,25-50K·16薪,产品组长/产品总监,/job_detail/5bf5c54618ce4d3d03Zy29y7EVE~.html,广州  
SHEIN,1000-9999人,电子商务,,吕先生,35-50K·13薪,产品专家（仓储/物流）,/job_detail/a6c3425a25554f4203Z739q7ElQ~.html,广州 番禺区 南村
朗新科技,1000-9999人,计算机软件,,罗女士,25-30K,前端开发架构师(J10314),/job_detail/9e3e2d3f42c097661HZz3d27FlQ~.html,广州 越秀区 东风东
文远知行,100-499人,移动互联网,,刘女士,20-40K,Weride-感知算法工程师,/job_detail/baf01714039e11e61H190tu6GFQ~.html,广州 番禺区 大学城
绛门科技,500-999人,计算机软件,,李女士,35-40K,项目经理,/job_detail/4c599713c64ce5801HB52d2-FFA~.html,广州 天河区 珠江新城
广州虎牙信息,1000-9999人,互联网,,骆先生,20-30K,资源规划师,/job_detail/c9ad2139ac61b45f03R-09i_GVM~.html,广州  
美人信息,100-499人,移动互联网,,人力资源经理,25-50K,图像处理工程师/专家,/job_detail/90b88911559bca6e1n162tu7EFM~.html,广州 越秀区 五羊新城
BIGO,1000-9999人,移动互联网,,黄女士,25-45K,高级视觉设计师,/job_detail/bc390c142856fb961XB83tu9GFs~.html,广州 番禺区 市桥
云徙科技公司,500-999人,互联网,,布女士,26-35K,UI设计师,/job_detail/51316012914f1a5c1HVy3t--FlA~.html,广州 黄埔区 鱼珠
文远知行,100-499人,移动互联网,,陈女士,20-40K,大数据开发工程师/架构师,/job_detail/a9e183fedc4c8a911Hd63t29GFI~.html,广州 海珠区 官洲
联蔚信息,500-999人,企业服务,,陈女士,28-40K,架构师,/job_detail/08820cf38dcf65ae1HZ80tm6FFo~.html,广州 天河区 林和
SHEIN,1000-9999人,电子商务,,吕先生,20-35K·13薪,高级产品经理（仓储/物流）,/job_detail/22dd13f0fdafcfd403Z739q_GFA~.html,广州 番禺区 南村
励丰文化科技,100-499人,音乐/视频/阅读,,雷先生,20-25K,电气工程师,/job_detail/21ad6463b625c5e91HZ509S1FFM~.html,广州 黄埔区 万达广场
小马,100-499人,企业服务,,贺先生,25-50K,㊣㊣区块链开发CTO,/job_detail/deb91a8432ee46141Hx63Nm9FVU~.html,广州  
浩云网络,100-499人,企业服务,,池女士,30-35K,项目经理,/job_detail/9214ce65f5bd040d1HB739-7FlY~.html,广州 天河区 天河公园
小鹏汽车,1000-9999人,汽车生产,,陈女士,20-40K,运维专家/架构师,/job_detail/c2fde0cad52f4b021HF52NW8EVQ~.html,广州 天河区 岑村
牧游科技,100-499人,游戏,,郑女士,20-40K·13薪,客户端主程,/job_detail/185e70771e097f7a1H1639i4F1Y~.html,广州 天河区 棠下
欧昊集团,500-999人,工程施工,,陆女士,20-30K,项目副总经理,/job_detail/bb7a7e5b5daf65ac03R73dq0GFU~.html,广州 南沙区 黄阁
PPmoney,1000-9999人,互联网金融,,李女士,20-25K,资深Java工程师 (MJ001248),/job_detail/44b865c8012fdf7c1HJ42Ny-F1I~.html,广州 天河区 冼村
聚焦网络,500-999人,互联网,,人事总监,20-40K,架构师,/job_detail/1b954de64c2619af1XF509W9EFY~.html,广州 越秀区 水荫
阿里巴巴集团,10000人以上,互联网,,刘先生,25-26K,阿里巴巴杭州招聘专场,/job_detail/a83449ffc2087e431nB62d24EVU~.html,广州 越秀区 站前
SHEIN（南京）,1000-9999人,互联网,,江女士,25-35K,TMS高级产品经理 (MJ000631),/job_detail/b4c1947720d615961HF50t29FlQ~.html,广州 番禺区 南村
传智播客,1000-9999人,在线教育,,王女士,25-45K,python讲师,/job_detail/9d43bb7933a8474103Z_39q_Elo~.html,广州 天河区 东圃
阿里巴巴大文娱,1000-9999人,互联网,,余女士,20-40K,UC事业部-视觉算法工程师（LAB算法）,/job_detail/78f33bebd32688141XN92Ni4GVc~.html,广州 天河区 员村
高奈特,100-499人,互联网,,林女士,20-25K,大数据开发工程师,/job_detail/5b4a6166062ec66103R93ti7F1M~.html,广州 荔湾区 芳村
美的,10000人以上,其他行业,,许先生,20-25K,云平台产品经理,/job_detail/611e3cdd2dba85f81H1-09y7FVo~.html,广州  
小鹏汽车,1000-9999人,汽车生产,,黄先生,20-40K,前端高级工程师,/job_detail/5d15abf5000c15ba1Xdz39S-GFA~.html,广州 天河区 岑村
博纳德科技,500-999人,移动互联网,,钦先生,20-35K,数据仓库架构师,/job_detail/a29e561726c89b031Hxz3tW_GFY~.html,广州 天河区 棠下
美的it,10000人以上,计算机软件,,郑女士,30-40K,高级软件工程师,/job_detail/fd8664fe0a93c20e03Vz3dq9F1I~.html,广州  
诗悦网络,100-499人,游戏,,廖先生,20-40K,技术美术/TA,/job_detail/ef653c6895a05d601HR629S0FVI~.html,广州 天河区 天河公园
BIGO,1000-9999人,移动互联网,,米女士,50-80K,音频算法工程师,/job_detail/03d141aa25cfbaf21X1_3di0GFQ~.html,广州  
睿联网络,,游戏,,黄先生,85-110K·16薪,自制引擎高级专家（P8）,/job_detail/e7a8c1a25ffba04e03Rz09i6F1Q~.html,广州 海珠区 琶洲
小鹏汽车,1000-9999人,汽车生产,,黄先生,20-40K,OTA嵌入式Linux研发高级/资深工程师/专家,/job_detail/39c734a37eb5ccd11HR42Ny-FFY~.html,广州 天河区 岑村
金科文化,1000-9999人,互联网,,李女士,20-30K,高级场景原画,/job_detail/54de007728ea214f1HJ40t60E1A~.html,广州 天河区 棠下
视源股份(CVTE),1000-9999人,其他行业,,陈女士,20-25K,视频工程师,/job_detail/ccdfa21c55689a401HF60t29FFY~.html,广州  
荔枝,500-999人,移动互联网,,韦先生,25-35K,资深iOS开发工程师,/job_detail/af59f83488879b8203Z929S6F1c~.html,广州 天河区 棠下
吉比特,500-999人,游戏,,王女士,20-30K·13薪,特效设计师,/job_detail/d10f69e48ce4d2b203Z_09W8F1M~.html,广州 天河区 棠下
腾讯,10000人以上,互联网,,王女士,20-21K,微信iOS基础优化工程师,/job_detail/cfd35560147edcd803V53t26FlA~.html,广州 海珠区 赤岗
虎牙直播,1000-9999人,互联网,,张女士,20-40K,视频AI算法工程师,/job_detail/d41ba219d32e40bd1HJ-3Ni7EFA~.html,广州  
网易游戏,10000人以上,游戏,,招聘HR,20-40K,美术技术TA（广州，梦幻事业部）,/job_detail/2d688f2908d6486a1Hdz3Ny6GVE~.html,广州 天河区 珠江新城
浩鲸科技,1000-9999人,通信/网络设备,,邹女士,20-35K,算法工程师,/job_detail/cfa4503135b9c50d1HF_0tu5EFE~.html,广州 番禺区 大石
腾讯,10000人以上,互联网,,叶女士,25-50K,售前政务应用架构师,/job_detail/2ed01c9eaa1e5ebe1H192N-9GVQ~.html,广州 海珠区 赤岗
诗悦网络,100-499人,游戏,,梁女士,30-45K·13薪,U3D专家,/job_detail/7f27b7cdcd79afed03Z83N-0ElE~.html,广州 天河区 天河公园
分米互联,10000人以上,移动互联网,,黄女士,26-50K·13薪,采购系统 高级产品经理,/job_detail/3b1f2acf5fa92feb1H1z3dm0GVc~.html,广州 海珠区 南洲
亚美科技,500-999人,计算机软件,,任女士,20-26K,业务架构师,/job_detail/4f51e0804c2c7c141H182NW9E1U~.html,广州 天河区 岑村
南瑞信通,500-999人,计算机软件,,胡先生,20-40K,JAVA研发人员,/job_detail/e5fecd7898db4ef803Z53920EVo~.html,广州 天河区 珠江新城
数字广东,1000-9999人,计算机软件,,刘先生,20-30K,高级PMO经理,/job_detail/a8522b68cfda24351X152920GFI~.html,广州 天河区 猎德
小鹏汽车,1000-9999人,汽车生产,,陈女士,20-40K,推荐系统高级/资深工程师/专家,/job_detail/b4d3df1cffa632261HF52Nq1E1U~.html,广州 天河区 岑村
广州虎牙信息,1000-9999人,互联网,,刘先生,20-30K,网络架构师,/job_detail/0ae41dc624f8b1531nZ72dW_EVE~.html,广州 番禺区 大石
文远知行,100-499人,移动互联网,,陈女士,30-50K,资深研发工程师（广州）,/job_detail/2f2e5ff8c4bacfec1HJ-3du-ElA~.html,广州 海珠区 官洲
Coremail论客,500-999人,互联网,,招聘专员,20-30K,企业邮箱产品线负责人,/job_detail/93b95098bf6376c703d62tW5FVs~.html,广州 番禺区 市桥
掌上快销,500-999人,移动互联网,,欧女士,20-30K,高级Java工程师,/job_detail/b8943f5f6cca113d1HJ_2N-0ElI~.html,广州 天河区 天河公园
9130游戏,100-499人,游戏,,王女士,25-35K,u3d客户端主程,/job_detail/8a42c3b72bc4eb891HJ-3dq5E1Y~.html,广州 天河区 天河公园
中国电信,10000人以上,运营商/增值服务,,唐先生,20-30K,Java高级开发工程师,/job_detail/0ed8d2e05580ecc21HZ82dW4ElQ~.html,广州 天河区 石牌
睿联网络,,游戏,,黄先生,50-80K·14薪,Unity引擎开发专家,/job_detail/a8413e381320ad0303Rz09i8E1U~.html,广州 海珠区 琶洲
小鹏汽车,1000-9999人,汽车生产,,吴先生,20-40K,测试开发,/job_detail/83e5a994cec125991XB40tS6E1c~.html,广州 天河区 岑村
欢聚时代,1000-9999人,移动互联网,,姚女士,20-40K,音视频开发工程师,/job_detail/7a7a96b8a642cc0c1nZ40t65FFE~.html,广州  
睿联网络,,游戏,,黄先生,25-40K,制作人,/job_detail/c713e3badb6e217403Z939i9EFE~.html,广州 天河区 天河公园
金科文化,1000-9999人,互联网,,李女士,25-35K,LayaBox主程,/job_detail/3d3092297312966b1HJ40ti8E1E~.html,广州 天河区 棠下
国开在线,100-499人,在线教育,,付先生,20-35K,JAVA架构师,/job_detail/3d83f83f105bbabd1HF909q6EVo~.html,广州 越秀区 登峰
三七互娱,1000-9999人,移动互联网,,廖女士,20-40K,UE4技术美术,/job_detail/3bfa5bc0886230441HF83du-FVI~.html,广州 天河区 员村
博智林机器人,1000-9999人,计算机软件,,全先生,20-40K,大数据架构师,/job_detail/fda5780f4d01b6501Hd639m0EFA~.html,广州 番禺区 南浦
中国电信云,1000-9999人,计算机软件,,鄢先生,30-40K,cdn产品经理,/job_detail/6fe888a2f29069b21HF-3Ni_FVI~.html,广州  
荔枝,500-999人,移动互联网,,林女士,20-35K·14薪,高级数据分析工程师,/job_detail/294d451c2038bd3103R42tu7FFA~.html,广州  
奇异果游戏,100-499人,游戏,,杨女士,20-25K,产品经理,/job_detail/08f2d3c694db9c0f1Hx73dy4GFQ~.html,广州  
阿里巴巴大文娱,1000-9999人,互联网,,余女士,20-40K,UC事业部-iOS/Android平台视频技术开发专家,/job_detail/262e65f10723e92d1XJ92t67Elo~.html,广州 越秀区 火车站
酷狗音乐,1000-9999人,互联网,,梁女士,25-50K,推荐算法工程师,/job_detail/06aa5d2d109ccf421Hd62Ny8FlA~.html,广州 天河区 棠下
云徙科技公司,500-999人,互联网,,高先生,28-40K,产品总监,/job_detail/178e284c8c69c9891XJy2Ni4E1Y~.html,广州 黄埔区 鱼珠
星舆科技,100-499人,通信/网络设备,,唐先生,20-30K,高精度地图系统架构师,/job_detail/80ac1c62a35b1ca41XF509y7E1s~.html,广州 天河区 员村
晓教育集团,10000人以上,在线教育,,陈女士,20-35K,java高级开发工程师,/job_detail/8a1916effa9943421HB639m7GVA~.html,广州 天河区 体育中心
明源软件,1000-9999人,计算机软件,,陈女士,25-35K,项目总监,/job_detail/7847a55a56d6b9fb1HZ72Ny6GFQ~.html,广州 天河区 天河城
东方电科,100-499人,其他行业,,熊女士,40-70K,架构师,/job_detail/6e8b843a698a3f571HR-3tq_ElU~.html,广州 黄埔区 科学城
小鹏汽车,1000-9999人,汽车生产,,黄先生,20-40K,测试高级/资深工程师/专家,/job_detail/1c9aeed38ac06d1a1HF-3N24ElA~.html,广州 天河区 岑村
虎牙直播,1000-9999人,互联网,,周先生,20-30K·14薪,Golang开发工程师,/job_detail/7b8624f68960007a03Z73NW0GFs~.html,广州  
欢聚时代,1000-9999人,移动互联网,,周先生,25-40K,高级Android开发工程师-bigo,/job_detail/6d4cc0b44a85269d03Zy29y5GVY~.html,广州  
捷荣建筑,100-499人,工程施工,,项目CXO,20-40K,移动项目技术合伙人,/job_detail/536c758af1aa39e21nJ_29y-F1Q~.html,广州  
网易游戏,10000人以上,游戏,,王女士,20-40K,安卓系统开发（模拟器）,/job_detail/20cefc3cdb32807e1Xx429S9EFA~.html,广州 天河区 珠江新城
Fordeal,500-999人,电子商务,,庞女士,30-60K,用户增长资深总监,/job_detail/e5b9dbf973f9e01203Z809W-F1E~.html,广州 海珠区 琶洲
小鹏汽车,1000-9999人,汽车生产,,陈女士,20-40K,前端高级工程师,/job_detail/0daa255e7d06790c1Xdz3Nu4FVU~.html,广州 天河区 
小鹏汽车,1000-9999人,汽车生产,,黄先生,20-40K,Android测试资深工程师/专家,/job_detail/bb2b5f28e628e52f1Xdz39S5GVI~.html,广州 天河区 岑村
中国电信云,1000-9999人,计算机软件,,王女士,25-50K,资深研发项目经理,/job_detail/9e179faa37cbd7081HF42925FVE~.html,广州  
博智林机器人,1000-9999人,计算机软件,,全先生,22-40K,深度学习算法工程师,/job_detail/7deb97286db13b8c1Hd80tu6GVA~.html,广州 番禺区 南浦
帝释天游戏,100-499人,游戏,,彭先生,20-30K,技术美术（技术向）,/job_detail/3aab6a51ae6ac26b1HB_39u9E1o~.html,广州 海珠区 琶洲
君海游戏,500-999人,游戏,,刘女士,20-30K·13薪,主美,/job_detail/a47ff115f776e09a1H190966GFI~.html,广州 海珠区 琶洲
美的it,10000人以上,计算机软件,,钟先生,20-25K,hadoop,/job_detail/11449f1542189fa51Xxy39i6FlU~.html,广州  
腾讯,10000人以上,互联网,,胡女士,20-30K·15薪,WXG10 企业微信web前端开发工程师（广州）,/job_detail/352290ebc240804403Zz0t-1FVM~.html,广州 海珠区 赤岗
荔枝,500-999人,移动互联网,,李先生,30-45K,大数据平台架构师 (MJ000156),/job_detail/339e2daa438f3ce61Hd7296-ElY~.html,广州  
暗泉信息,20-99人,信息安全,,孙女士,25-50K,渗透测试工程师,/job_detail/e30a12e457a02a411Hd62Nu0EFo~.html,广州 天河区 员村
唯品会,10000人以上,互联网,,林先生,30-50K,机器学习高级算法工程师,/job_detail/21c64d26514c39cd03V82t27GVs~.html,广州 荔湾区 芳村
多益网络,1000-9999人,互联网,,李先生,25-50K,游戏引擎开发工程师,/job_detail/b08a136223b0dff41nB509W7FVA~.html,广州  
中国电信云,1000-9999人,计算机软件,,林女士,20-40K,高级音视频开发,/job_detail/a08c5db2677979201HNz3t-9E1A~.html,广州 天河区 石牌
BIGO,1000-9999人,移动互联网,,黄女士,25-50K,Android高级开发工程师,/job_detail/08a4224311e099b61HN92Ni_Els~.html,广州 番禺区 市桥
巴图鲁,500-999人,移动互联网,,张女士,20-35K,技术经理/主管（Java）,/job_detail/95301dc141c7cb9f1XZz3N60FlA~.html,广州 海珠区 南洲
